{
  "perfect": {
    "S1": {
      "VRI": 0.526289646790123,
      "Cost": 127.01027014597928,
      "RE_Ratio": 45.882479394141676,
      "Settle_Time": 0.0,
      "Overshoot": 1.8685424647535027,
      "Peak_Red": 0.0
    },
    "S2": {
      "VRI": 0.5364359090819683,
      "Cost": 109.66995345951976,
      "RE_Ratio": 45.558652679775804,
      "Settle_Time": 0.0,
      "Overshoot": 1.943403182170897,
      "Peak_Red": -14.190737911233617
    },
    "S3": {
      "VRI": 0.5170888946401476,
      "Cost": 72.82269998198822,
      "RE_Ratio": 45.62111920011926,
      "Settle_Time": 0.0,
      "Overshoot": 2.115663641522488,
      "Peak_Red": -12.692220747828165
    },
    "S4": {
      "VRI": 0.4615350452978336,
      "Cost": 16.18569030550519,
      "RE_Ratio": 46.77579017609608,
      "Settle_Time": 0.0,
      "Overshoot": 1.581690373516878,
      "Peak_Red": -14.190737911233617
    },
    "S5": {
      "VRI": 0.5369892463432756,
      "Cost": -18.924652099878983,
      "RE_Ratio": 46.81930815530586,
      "Settle_Time": 0.0,
      "Overshoot": 1.8787079809369234,
      "Peak_Red": -12.692220747828165
    }
  },
  "lstm": {
    "S1": {
      "VRI": 0.48560538085958943,
      "Cost": 172.37379834444323,
      "RE_Ratio": 26.77113448371355,
      "Settle_Time": 0.0,
      "Overshoot": 1.7859695757246072,
      "Peak_Red": 0.0
    },
    "S2": {
      "VRI": 0.470815452673204,
      "Cost": 145.63012638721864,
      "RE_Ratio": 27.19817363242617,
      "Settle_Time": 0.0,
      "Overshoot": 2.1203695833047647,
      "Peak_Red": -41.569632570236905
    },
    "S3": {
      "VRI": 0.5068158512282103,
      "Cost": -64.4318195692518,
      "RE_Ratio": 16.961980641927177,
      "Settle_Time": 0.0,
      "Overshoot": 1.8509936994348664,
      "Peak_Red": -24.81292738179316
    },
    "S4": {
      "VRI": 0.5014148771465834,
      "Cost": 122.88977125039163,
      "RE_Ratio": 27.39720174121893,
      "Settle_Time": 0.0,
      "Overshoot": 2.126097958934622,
      "Peak_Red": -41.569632570236905
    },
    "S5": {
      "VRI": 0.483677001070293,
      "Cost": -175.49241734747767,
      "RE_Ratio": 17.619274971226474,
      "Settle_Time": 0.0,
      "Overshoot": 1.5552908449411404,
      "Peak_Red": -24.81292738179316
    }
  }
}