{
  "S1": {
    "VRI": 0.526289646790123,
    "Cost": 127.01027014597928,
    "RE_Ratio": 45.882479394141676,
    "Settle_Time": 0.0,
    "Overshoot": 1.8685424647535027,
    "Peak_Red": 0.0
  },
  "S2": {
    "VRI": 0.5364359090819683,
    "Cost": 109.66995345951976,
    "RE_Ratio": 45.558652679775804,
    "Settle_Time": 0.0,
    "Overshoot": 1.943403182170897,
    "Peak_Red": -14.190737911233617
  },
  "S3": {
    "VRI": 0.5170888946401476,
    "Cost": 72.82269998198822,
    "RE_Ratio": 45.62111920011926,
    "Settle_Time": 0.0,
    "Overshoot": 2.115663641522488,
    "Peak_Red": -12.692220747828165
  },
  "S4": {
    "VRI": 0.4615350452978336,
    "Cost": 16.18569030550519,
    "RE_Ratio": 46.77579017609608,
    "Settle_Time": 0.0,
    "Overshoot": 1.581690373516878,
    "Peak_Red": -14.190737911233617
  },
  "S5": {
    "VRI": 0.5369892463432756,
    "Cost": -18.924652099878983,
    "RE_Ratio": 46.81930815530586,
    "Settle_Time": 0.0,
    "Overshoot": 1.8787079809369234,
    "Peak_Red": -12.692220747828165
  }
}